step	accuracy
0	0.5725806355476379
1	0.5922378897666931
2	0.6376007795333862
3	0.6628023982048035
4	0.6617943644523621
5	0.6829637289047241
6	0.7006048560142517
7	0.7247983813285828
8	0.7293346524238586
9	0.7177419066429138
