step	loss
0	0.675770103931427
1	0.6826401352882385
2	0.6302459239959717
3	0.6079748272895813
4	0.6088852882385254
5	0.5742657780647278
6	0.5819288492202759
7	0.5455876588821411
8	0.535323441028595
9	0.5406728982925415
